-- GENERATED by pipeline/content/seed-content.mjs — do not edit by hand.
-- Sample Phase 1 content: DRAFT quality, status='review' pending human
-- domain review (SPEC §39.3). Source document is a PLACEHOLDER (HUMAN_VERIFY #8).

insert into public.certifications (id, name_sv, short_name_sv, description_sv, active, practical_component) values
  ('forarintyg', 'Förarintyg', 'Förar', 'Grundintyget för fritidsbåt.', true, false),
  ('batpraktik_dag_prep', 'Båtpraktik dag — förberedelse', 'Båtpraktik dag', 'Förberedelse inför det handledda praktikpasset (dag).', false, true),
  ('batpraktik_morker_prep', 'Båtpraktik mörker — förberedelse', 'Båtpraktik mörker', 'Förberedelse inför det handledda praktikpasset (mörker).', false, true),
  ('kustskepparintyg', 'Kustskepparintyg', 'Kustskeppar', 'Fördjupad navigation och planering.', false, false),
  ('src', 'SRC (VHF-certifikat)', 'SRC', 'Marin radiokommunikation.', false, true),
  ('seglarintyg_1', 'Seglarintyg 1 — förberedelse', 'Seglar 1', 'Grundläggande segling, teori och praktisk beredskap.', false, true),
  ('seglarintyg_2', 'Seglarintyg 2 — förberedelse', 'Seglar 2', 'Fortsättningssegling.', false, true),
  ('seglarintyg_3', 'Seglarintyg 3 — förberedelse', 'Seglar 3', 'Avancerad segling.', false, true)
  on conflict (id) do nothing;

insert into public.source_documents
  (id, source_key, title, issuer, canonical_url, retrieved_at, last_checked_at,
   copyright_notes, status, metadata)
values
  ('10000000-0000-0000-0000-000000000001', 'nfb-forar-kunskapsfordringar-PLACEHOLDER',
   'NFB kunskapsfordringar Förarintyg (PLATSHÅLLARE — ej verifierad)',
   'NFB', 'https://www.batlivsutbildning.se/', now(), now(),
   'PLATSHÅLLARE: riktigt källdokument måste registreras och verifieras (HUMAN_VERIFY #8).',
   'active', '{"placeholder": true}'::jsonb)
  on conflict (source_key) do nothing;

insert into public.syllabus_versions
  (id, certification_id, source_document_id, name, status, change_summary)
values
  ('20000000-0000-0000-0000-000000000001', 'forarintyg', '10000000-0000-0000-0000-000000000001',
   'Förarintyg — arbetsutkast 2026', 'draft',
   'Initial taxonomi i väntan på verifierade kunskapsfordringar.')
  on conflict (id) do nothing;

insert into public.objectives
  (id, syllabus_version_id, section_key, order_index, title_sv, outcome_sv,
   objective_type, criticality, status) values
  ('forar.f2.enheter-distans', '20000000-0000-0000-0000-000000000001', 'F2', 1, 'Nautiska enheter', 'Använda nautisk mil och knop samt omvandla mellan enheter.', 'fact', 'standard', 'review'),
  ('forar.f2.koordinater', '20000000-0000-0000-0000-000000000001', 'F2', 2, 'Latitud och longitud', 'Läsa och ange en position i latitud och longitud.', 'concept', 'standard', 'review'),
  ('forar.f4.laterala-marken', '20000000-0000-0000-0000-000000000001', 'F4', 1, 'Laterala sjömärken', 'Identifiera babords- och styrbordsmärken och välja rätt passagesida.', 'perceptual', 'important', 'review'),
  ('forar.f4.kardinalmarken', '20000000-0000-0000-0000-000000000001', 'F4', 2, 'Kardinalmärken', 'Identifiera kardinalmärken och förklara på vilken sida de ska passeras.', 'perceptual', 'important', 'review'),
  ('forar.f4.fyrkaraktarer', '20000000-0000-0000-0000-000000000001', 'F4', 3, 'Fyrkaraktärer', 'Tolka en fyrkaraktärs beteckning: typ, färg och rytm.', 'perceptual', 'standard', 'review'),
  ('forar.f7.fart-tid-distans', '20000000-0000-0000-0000-000000000001', 'F7', 1, 'Fart, tid och distans', 'Beräkna fart, tid eller distans när de två andra är kända.', 'procedure', 'important', 'review'),
  ('forar.f8.vajning-motor', '20000000-0000-0000-0000-000000000001', 'F8', 1, 'Väjning mellan motorbåtar', 'Välja korrekt väjningsåtgärd vid möte, korsande kurs och upphinnande.', 'rule', 'safety_critical', 'review'),
  ('forar.f8.segel-motor', '20000000-0000-0000-0000-000000000001', 'F8', 2, 'Segel och motor', 'Tillämpa väjningsreglerna mellan segelfartyg och maskindrivna fartyg.', 'rule', 'safety_critical', 'review'),
  ('forar.f9.sakerhet-ombord', '20000000-0000-0000-0000-000000000001', 'F9', 1, 'Säkerhet ombord', 'Välja rätt säkerhetsutrustning och förberedelser inför en färd.', 'fact', 'safety_critical', 'review'),
  ('forar.f9.nodsignaler', '20000000-0000-0000-0000-000000000001', 'F9', 2, 'Nödsignaler', 'Känna igen vedertagna nödsignaler och agera korrekt vid nöd.', 'perceptual', 'safety_critical', 'review')
  on conflict (id) do nothing;

insert into public.objective_sources (objective_id, source_document_id, locator) values
  ('forar.f2.enheter-distans', '10000000-0000-0000-0000-000000000001', 'avsnitt F2 (platshållare)'),
  ('forar.f2.koordinater', '10000000-0000-0000-0000-000000000001', 'avsnitt F2 (platshållare)'),
  ('forar.f4.laterala-marken', '10000000-0000-0000-0000-000000000001', 'avsnitt F4 (platshållare)'),
  ('forar.f4.kardinalmarken', '10000000-0000-0000-0000-000000000001', 'avsnitt F4 (platshållare)'),
  ('forar.f4.fyrkaraktarer', '10000000-0000-0000-0000-000000000001', 'avsnitt F4 (platshållare)'),
  ('forar.f7.fart-tid-distans', '10000000-0000-0000-0000-000000000001', 'avsnitt F7 (platshållare)'),
  ('forar.f8.vajning-motor', '10000000-0000-0000-0000-000000000001', 'avsnitt F8 (platshållare)'),
  ('forar.f8.segel-motor', '10000000-0000-0000-0000-000000000001', 'avsnitt F8 (platshållare)'),
  ('forar.f9.sakerhet-ombord', '10000000-0000-0000-0000-000000000001', 'avsnitt F9 (platshållare)'),
  ('forar.f9.nodsignaler', '10000000-0000-0000-0000-000000000001', 'avsnitt F9 (platshållare)')
  on conflict do nothing;

insert into public.objective_prerequisites (objective_id, prerequisite_objective_id, strength) values
  ('forar.f7.fart-tid-distans', 'forar.f2.enheter-distans', 'required'),
  ('forar.f4.kardinalmarken', 'forar.f4.laterala-marken', 'recommended'),
  ('forar.f8.segel-motor', 'forar.f8.vajning-motor', 'required')
  on conflict do nothing;

insert into public.misconceptions (id, certification_id, title_sv, explanation_sv, severity) values
  ('mc.lateral-fargforvaxling', 'forarintyg', 'Förväxlar lateralmärkenas färger', 'Blandar ihop babords (röd) och styrbords (grön) sida i IALA A vid ingående från sjön.', 'high_risk'),
  ('mc.kardinal-riktning', 'forarintyg', 'Tolkar kardinalmärkets riktning fel', 'Tror att märkets namn anger var faran ligger i stället för på vilken sida man ska passera.', 'high_risk'),
  ('mc.std-enhetsfel', 'forarintyg', 'Enhetsfel i fart–tid–distans', 'Blandar timmar och minuter eller glömmer omvandla vid beräkning.', 'standard'),
  ('mc.vajning-babord', 'forarintyg', 'Väjer åt fel håll vid möte', 'Girar babord vid möte i stället för styrbord.', 'safety_critical'),
  ('mc.segel-alltid-foretrade', 'forarintyg', 'Segel har alltid företräde', 'Tror att segelfartyg alltid har företräde — även när det går för motor.', 'safety_critical'),
  ('mc.knop-per-timme', 'forarintyg', 'Säger knop per timme', 'Tror att knop behöver kompletteras med ''per timme'' — knop är redan NM per timme.', 'standard')
  on conflict (id) do nothing;

insert into public.lessons (id, certification_id, slug, status)
values ('50000000-0000-0000-0000-000000000001', 'forarintyg', 'enheter-och-distans', 'review')
on conflict (certification_id, slug) do nothing;

insert into public.lesson_versions
  (id, lesson_id, version, title_sv, lead_sv, estimated_minutes, content_blocks, status)
values
  ('51000000-0000-0000-0000-000000000001', '50000000-0000-0000-0000-000000000001', 1, 'Distans och fart till sjöss', 'Varför sjön räknar i nautiska mil och knop — och hur du växlar mellan enheterna utan att tveka.',
   8, '[{"type":"markdown","body_sv":"## Nautisk mil och knop\n\nEn **nautisk mil (M)** är 1 852 meter och motsvarar en latitudminut. En **knop** är en nautisk mil per timme.\n\nAtt enheterna hänger ihop med sjökortets gradnät är ingen slump: det är därför distanser alltid mäts mot latitudskalan i kortets kant."},{"type":"callout","tone":"info","body_sv":"Knop är redan ''per timme''. Att säga ''knop per timme'' är alltså dubbelt — och ett vanligt nybörjarfel."},{"type":"worked_example","body_sv":"**Exempel.** Du läser av 2,5 latitudminuter mellan två punkter.\n\n1. 1 latitudminut = 1 M.\n2. Distansen är alltså 2,5 M.\n3. I meter: 2,5 × 1 852 m = 4 630 m."}]'::jsonb, 'review')
on conflict (lesson_id, version) do nothing;

update public.lessons set current_version_id = '51000000-0000-0000-0000-000000000001' where id = '50000000-0000-0000-0000-000000000001';

insert into public.lesson_sources (lesson_version_id, source_document_id, locator)
values ('51000000-0000-0000-0000-000000000001', '10000000-0000-0000-0000-000000000001', 'platshållare')
on conflict do nothing;

insert into public.lesson_objectives (lesson_version_id, objective_id, role) values
  ('51000000-0000-0000-0000-000000000001', 'forar.f2.enheter-distans', 'primary')
  on conflict do nothing;

insert into public.lessons (id, certification_id, slug, status)
values ('50000000-0000-0000-0000-000000000002', 'forarintyg', 'laterala-marken', 'review')
on conflict (certification_id, slug) do nothing;

insert into public.lesson_versions
  (id, lesson_id, version, title_sv, lead_sv, estimated_minutes, content_blocks, status)
values
  ('51000000-0000-0000-0000-000000000002', '50000000-0000-0000-0000-000000000002', 1, 'Laterala sjömärken', 'Röd eller grön, kon eller cylinder — så väljer du rätt sida varje gång.',
   10, '[{"type":"markdown","body_sv":"## Systemet IALA A\n\nI Sverige gäller IALA-system A. Vid **ingående från sjön** (mot hamn):\n\n- **Babordsmärken** är **röda** med **cylinderformat** topptecken — håll dem om **babord**.\n- **Styrbordsmärken** är **gröna** med **konformat** topptecken (spets upp) — håll dem om **styrbord**."},{"type":"callout","tone":"warning","body_sv":"Riktningen räknas vid ingående från sjön. På väg ut gäller det omvända — kontrollera alltid färdriktningen i förhållande till farleden."},{"type":"markdown","body_sv":"## Ljus i mörker\n\nBabordsmärken lyser rött och styrbordsmärken grönt. Rytmen kan variera, men färgen följer alltid sidan."}]'::jsonb, 'review')
on conflict (lesson_id, version) do nothing;

update public.lessons set current_version_id = '51000000-0000-0000-0000-000000000002' where id = '50000000-0000-0000-0000-000000000002';

insert into public.lesson_sources (lesson_version_id, source_document_id, locator)
values ('51000000-0000-0000-0000-000000000002', '10000000-0000-0000-0000-000000000001', 'platshållare')
on conflict do nothing;

insert into public.lesson_objectives (lesson_version_id, objective_id, role) values
  ('51000000-0000-0000-0000-000000000002', 'forar.f4.laterala-marken', 'primary')
  on conflict do nothing;

insert into public.lessons (id, certification_id, slug, status)
values ('50000000-0000-0000-0000-000000000003', 'forarintyg', 'fart-tid-distans', 'review')
on conflict (certification_id, slug) do nothing;

insert into public.lesson_versions
  (id, lesson_id, version, title_sv, lead_sv, estimated_minutes, content_blocks, status)
values
  ('51000000-0000-0000-0000-000000000003', '50000000-0000-0000-0000-000000000003', 1, 'Fart, tid och distans', 'En formel, tre varianter — grunden för all planering ombord.',
   12, '[{"type":"markdown","body_sv":"## Sambandet\n\n**Distans = fart × tid.** Ur samma samband följer:\n\n- Tid = distans / fart\n- Fart = distans / tid\n\nHåll enheterna rena: distans i nautiska mil, fart i knop, tid i timmar. Minuter räknas om: minuter = timmar × 60."},{"type":"worked_example","body_sv":"**Exempel.** 6,0 M med farten 5,0 knop.\n\n1. Tid = 6,0 / 5,0 = 1,2 timmar.\n2. 1,2 × 60 = **72 minuter**."},{"type":"callout","tone":"info","body_sv":"Snabbkontroll: vid 6 knop går båten 1 M på 10 minuter. Vid 12 knop: 1 M på 5 minuter."}]'::jsonb, 'review')
on conflict (lesson_id, version) do nothing;

update public.lessons set current_version_id = '51000000-0000-0000-0000-000000000003' where id = '50000000-0000-0000-0000-000000000003';

insert into public.lesson_sources (lesson_version_id, source_document_id, locator)
values ('51000000-0000-0000-0000-000000000003', '10000000-0000-0000-0000-000000000001', 'platshållare')
on conflict do nothing;

insert into public.lesson_objectives (lesson_version_id, objective_id, role) values
  ('51000000-0000-0000-0000-000000000003', 'forar.f7.fart-tid-distans', 'primary'),
  ('51000000-0000-0000-0000-000000000003', 'forar.f2.enheter-distans', 'prerequisite')
  on conflict do nothing;

insert into public.lessons (id, certification_id, slug, status)
values ('50000000-0000-0000-0000-000000000004', 'forarintyg', 'vajningsregler-grunder', 'review')
on conflict (certification_id, slug) do nothing;

insert into public.lesson_versions
  (id, lesson_id, version, title_sv, lead_sv, estimated_minutes, content_blocks, status)
values
  ('51000000-0000-0000-0000-000000000004', '50000000-0000-0000-0000-000000000004', 1, 'Väjningsreglernas grunder', 'Möte, korsande kurs och upphinnande — de tre situationer du måste kunna i sömnen.',
   14, '[{"type":"markdown","body_sv":"## Tre grundsituationer för maskindrivna fartyg\n\n1. **Möte stäv mot stäv:** båda girar **styrbord** och passerar babord mot babord.\n2. **Korsande kurser:** den som har den andra på sin **styrbordssida** väjer.\n3. **Upphinnande:** den som hinner upp väjer — alltid, oavsett fartygstyp."},{"type":"markdown","body_sv":"## Segel och motor\n\nEtt maskindrivet fartyg väjer normalt för ett segelfartyg. Men ett segelfartyg som går **för motor** räknas som maskindrivet — även med seglen uppe."},{"type":"callout","tone":"warning","body_sv":"En väjning ska vara **tydlig och göras i god tid**. Små, sena kursändringar skapar osäkerhet och farliga situationer."}]'::jsonb, 'review')
on conflict (lesson_id, version) do nothing;

update public.lessons set current_version_id = '51000000-0000-0000-0000-000000000004' where id = '50000000-0000-0000-0000-000000000004';

insert into public.lesson_sources (lesson_version_id, source_document_id, locator)
values ('51000000-0000-0000-0000-000000000004', '10000000-0000-0000-0000-000000000001', 'platshållare')
on conflict do nothing;

insert into public.lesson_objectives (lesson_version_id, objective_id, role) values
  ('51000000-0000-0000-0000-000000000004', 'forar.f8.vajning-motor', 'primary'),
  ('51000000-0000-0000-0000-000000000004', 'forar.f8.segel-motor', 'secondary')
  on conflict do nothing;

insert into public.lessons (id, certification_id, slug, status)
values ('50000000-0000-0000-0000-000000000005', 'forarintyg', 'sakerhet-och-nod', 'review')
on conflict (certification_id, slug) do nothing;

insert into public.lesson_versions
  (id, lesson_id, version, title_sv, lead_sv, estimated_minutes, content_blocks, status)
values
  ('51000000-0000-0000-0000-000000000005', '50000000-0000-0000-0000-000000000005', 1, 'Säkerhet ombord och nödsignaler', 'Utrustningen som räddar liv och signalerna som kallar på hjälp.',
   12, '[{"type":"markdown","body_sv":"## Före avgång\n\n- Flytväst till alla ombord — buren väst räddar liv, stuvad gör det inte.\n- Kontrollera väderprognos, bränsle och länspump.\n- Berätta för någon i land vart ni ska och när ni väntas tillbaka."},{"type":"markdown","body_sv":"## Vedertagna nödsignaler\n\n- Röd fallskärmsraket eller rött handbloss\n- Orange rök\n- MAYDAY på VHF kanal 16\n- Långsamma upprepade höjningar och sänkningar av utsträckta armar\n\nNödsignaler får bara användas vid verklig nöd."},{"type":"callout","tone":"danger","body_sv":"Utlöst nödsignal av misstag? Kontakta omedelbart sjöräddningen och återkalla larmet — sök aldrig dölja ett falsklarm."}]'::jsonb, 'review')
on conflict (lesson_id, version) do nothing;

update public.lessons set current_version_id = '51000000-0000-0000-0000-000000000005' where id = '50000000-0000-0000-0000-000000000005';

insert into public.lesson_sources (lesson_version_id, source_document_id, locator)
values ('51000000-0000-0000-0000-000000000005', '10000000-0000-0000-0000-000000000001', 'platshållare')
on conflict do nothing;

insert into public.lesson_objectives (lesson_version_id, objective_id, role) values
  ('51000000-0000-0000-0000-000000000005', 'forar.f9.sakerhet-ombord', 'primary'),
  ('51000000-0000-0000-0000-000000000005', 'forar.f9.nodsignaler', 'secondary')
  on conflict do nothing;

insert into public.item_templates (id, stable_key, certification_id, item_kind, status)
values ('60000000-0000-0000-0000-000000000001', 'f2-enheter-distans-001', 'forarintyg', 'single_choice', 'review')
on conflict (stable_key) do nothing;

insert into public.item_versions
  (id, template_id, version, syllabus_version_id, stem_sv, interaction, answer_key,
   grading_policy, explanation_sv, criticality, status, generation_provenance)
values
  ('61000000-0000-0000-0000-000000000001', '60000000-0000-0000-0000-000000000001', 1, '20000000-0000-0000-0000-000000000001', 'Hur lång är en nautisk mil?',
   '{"kind":"single_choice","shuffle":true,"options":[{"key":"a","text_sv":"1 000 meter"},{"key":"b","text_sv":"1 852 meter"},{"key":"c","text_sv":"1 609 meter"},{"key":"d","text_sv":"2 000 meter"}]}'::jsonb, '{"correct":"b"}'::jsonb, '{"mode":"single_choice"}'::jsonb,
   'En nautisk mil är 1 852 meter och motsvarar en latitudminut.', 'standard', 'review',
   '{"method":"ai_draft","model":"claude","needs_domain_review":true}'::jsonb)
on conflict (template_id, version) do nothing;

update public.item_templates set current_version_id = '61000000-0000-0000-0000-000000000001' where id = '60000000-0000-0000-0000-000000000001';

insert into public.item_objectives (item_version_id, objective_id, role)
values ('61000000-0000-0000-0000-000000000001', 'forar.f2.enheter-distans', 'primary')
on conflict do nothing;

insert into public.item_sources (item_version_id, source_document_id, locator)
values ('61000000-0000-0000-0000-000000000001', '10000000-0000-0000-0000-000000000001', 'platshållare')
on conflict do nothing;
insert into public.item_misconceptions (item_version_id, answer_key, misconception_id) values
  ('61000000-0000-0000-0000-000000000001', 'a', 'mc.std-enhetsfel'),
  ('61000000-0000-0000-0000-000000000001', 'c', 'mc.std-enhetsfel')
  on conflict do nothing;

insert into public.item_templates (id, stable_key, certification_id, item_kind, status)
values ('60000000-0000-0000-0000-000000000002', 'f2-enheter-distans-002', 'forarintyg', 'single_choice', 'review')
on conflict (stable_key) do nothing;

insert into public.item_versions
  (id, template_id, version, syllabus_version_id, stem_sv, interaction, answer_key,
   grading_policy, explanation_sv, criticality, status, generation_provenance)
values
  ('61000000-0000-0000-0000-000000000002', '60000000-0000-0000-0000-000000000002', 1, '20000000-0000-0000-0000-000000000001', 'Vad betyder farten 6 knop?',
   '{"kind":"single_choice","shuffle":true,"options":[{"key":"a","text_sv":"6 nautiska mil per timme"},{"key":"b","text_sv":"6 kilometer per timme"},{"key":"c","text_sv":"6 nautiska mil per timme och timme"},{"key":"d","text_sv":"6 meter per sekund"}]}'::jsonb, '{"correct":"a"}'::jsonb, '{"mode":"single_choice"}'::jsonb,
   'En knop är en nautisk mil per timme. Enheten innehåller redan ''per timme''.', 'standard', 'review',
   '{"method":"ai_draft","model":"claude","needs_domain_review":true}'::jsonb)
on conflict (template_id, version) do nothing;

update public.item_templates set current_version_id = '61000000-0000-0000-0000-000000000002' where id = '60000000-0000-0000-0000-000000000002';

insert into public.item_objectives (item_version_id, objective_id, role)
values ('61000000-0000-0000-0000-000000000002', 'forar.f2.enheter-distans', 'primary')
on conflict do nothing;

insert into public.item_sources (item_version_id, source_document_id, locator)
values ('61000000-0000-0000-0000-000000000002', '10000000-0000-0000-0000-000000000001', 'platshållare')
on conflict do nothing;
insert into public.item_misconceptions (item_version_id, answer_key, misconception_id) values
  ('61000000-0000-0000-0000-000000000002', 'c', 'mc.knop-per-timme')
  on conflict do nothing;

insert into public.item_templates (id, stable_key, certification_id, item_kind, status)
values ('60000000-0000-0000-0000-000000000003', 'f2-enheter-distans-003', 'forarintyg', 'numeric', 'review')
on conflict (stable_key) do nothing;

insert into public.item_versions
  (id, template_id, version, syllabus_version_id, stem_sv, interaction, answer_key,
   grading_policy, explanation_sv, criticality, status, generation_provenance)
values
  ('61000000-0000-0000-0000-000000000003', '60000000-0000-0000-0000-000000000003', 1, '20000000-0000-0000-0000-000000000001', 'Hur många meter är 2,5 nautiska mil? Svara i hela meter.',
   '{"kind":"numeric","unit":"meter"}'::jsonb, '{"value":4630,"tolerance":0}'::jsonb, '{"mode":"exact_with_tolerance"}'::jsonb,
   '2,5 × 1 852 m = 4 630 m.', 'standard', 'review',
   '{"method":"ai_draft","model":"claude","needs_domain_review":true}'::jsonb)
on conflict (template_id, version) do nothing;

update public.item_templates set current_version_id = '61000000-0000-0000-0000-000000000003' where id = '60000000-0000-0000-0000-000000000003';

insert into public.item_objectives (item_version_id, objective_id, role)
values ('61000000-0000-0000-0000-000000000003', 'forar.f2.enheter-distans', 'primary')
on conflict do nothing;

insert into public.item_sources (item_version_id, source_document_id, locator)
values ('61000000-0000-0000-0000-000000000003', '10000000-0000-0000-0000-000000000001', 'platshållare')
on conflict do nothing;

insert into public.item_templates (id, stable_key, certification_id, item_kind, status)
values ('60000000-0000-0000-0000-000000000004', 'f2-enheter-distans-004', 'forarintyg', 'matching', 'review')
on conflict (stable_key) do nothing;

insert into public.item_versions
  (id, template_id, version, syllabus_version_id, stem_sv, interaction, answer_key,
   grading_policy, explanation_sv, criticality, status, generation_provenance)
values
  ('61000000-0000-0000-0000-000000000004', '60000000-0000-0000-0000-000000000004', 1, '20000000-0000-0000-0000-000000000001', 'Para ihop varje enhet med sin definition.',
   '{"kind":"matching","left":[{"key":"l1","text_sv":"Nautisk mil"},{"key":"l2","text_sv":"Knop"},{"key":"l3","text_sv":"Latitudminut"}],"right":[{"key":"r1","text_sv":"1 852 meter"},{"key":"r2","text_sv":"1 nautisk mil per timme"},{"key":"r3","text_sv":"Motsvarar 1 nautisk mil på sjökortet"}]}'::jsonb, '{"pairs":{"l1":"r1","l2":"r2","l3":"r3"}}'::jsonb, '{"mode":"exact_pairs"}'::jsonb,
   'Nautisk mil = 1 852 m; knop = M/timme; en latitudminut motsvarar en nautisk mil.', 'standard', 'review',
   '{"method":"ai_draft","model":"claude","needs_domain_review":true}'::jsonb)
on conflict (template_id, version) do nothing;

update public.item_templates set current_version_id = '61000000-0000-0000-0000-000000000004' where id = '60000000-0000-0000-0000-000000000004';

insert into public.item_objectives (item_version_id, objective_id, role)
values ('61000000-0000-0000-0000-000000000004', 'forar.f2.enheter-distans', 'primary')
on conflict do nothing;

insert into public.item_sources (item_version_id, source_document_id, locator)
values ('61000000-0000-0000-0000-000000000004', '10000000-0000-0000-0000-000000000001', 'platshållare')
on conflict do nothing;

insert into public.item_templates (id, stable_key, certification_id, item_kind, status)
values ('60000000-0000-0000-0000-000000000005', 'f2-koordinater-005', 'forarintyg', 'single_choice', 'review')
on conflict (stable_key) do nothing;

insert into public.item_versions
  (id, template_id, version, syllabus_version_id, stem_sv, interaction, answer_key,
   grading_policy, explanation_sv, criticality, status, generation_provenance)
values
  ('61000000-0000-0000-0000-000000000005', '60000000-0000-0000-0000-000000000005', 1, '20000000-0000-0000-0000-000000000001', 'En position anges som N 58° 10,5′ E 011° 20,0′. Vad anger den första delen?',
   '{"kind":"single_choice","shuffle":true,"options":[{"key":"a","text_sv":"Longituden — avståndet öst–väst"},{"key":"b","text_sv":"Latituden — avståndet norr–söder"},{"key":"c","text_sv":"Kursen mot nästa punkt"},{"key":"d","text_sv":"Distansen till land"}]}'::jsonb, '{"correct":"b"}'::jsonb, '{"mode":"single_choice"}'::jsonb,
   'Latitud (N/S) anges först och beskriver läget norr–söder; longitud (E/W) beskriver öst–väst.', 'standard', 'review',
   '{"method":"ai_draft","model":"claude","needs_domain_review":true}'::jsonb)
on conflict (template_id, version) do nothing;

update public.item_templates set current_version_id = '61000000-0000-0000-0000-000000000005' where id = '60000000-0000-0000-0000-000000000005';

insert into public.item_objectives (item_version_id, objective_id, role)
values ('61000000-0000-0000-0000-000000000005', 'forar.f2.koordinater', 'primary')
on conflict do nothing;

insert into public.item_sources (item_version_id, source_document_id, locator)
values ('61000000-0000-0000-0000-000000000005', '10000000-0000-0000-0000-000000000001', 'platshållare')
on conflict do nothing;

insert into public.item_templates (id, stable_key, certification_id, item_kind, status)
values ('60000000-0000-0000-0000-000000000006', 'f2-koordinater-006', 'forarintyg', 'single_choice', 'review')
on conflict (stable_key) do nothing;

insert into public.item_versions
  (id, template_id, version, syllabus_version_id, stem_sv, interaction, answer_key,
   grading_policy, explanation_sv, criticality, status, generation_provenance)
values
  ('61000000-0000-0000-0000-000000000006', '60000000-0000-0000-0000-000000000006', 1, '20000000-0000-0000-0000-000000000001', 'Var på sjökortet läser du av distans?',
   '{"kind":"single_choice","shuffle":true,"options":[{"key":"a","text_sv":"På longitudskalan i över- och underkant"},{"key":"b","text_sv":"På latitudskalan i sidokanterna"},{"key":"c","text_sv":"I kompassrosen"},{"key":"d","text_sv":"Var som helst i gradnätet"}]}'::jsonb, '{"correct":"b"}'::jsonb, '{"mode":"single_choice"}'::jsonb,
   'Distans mäts alltid mot latitudskalan i kortets sidokant, där en minut motsvarar en nautisk mil.', 'standard', 'review',
   '{"method":"ai_draft","model":"claude","needs_domain_review":true}'::jsonb)
on conflict (template_id, version) do nothing;

update public.item_templates set current_version_id = '61000000-0000-0000-0000-000000000006' where id = '60000000-0000-0000-0000-000000000006';

insert into public.item_objectives (item_version_id, objective_id, role)
values ('61000000-0000-0000-0000-000000000006', 'forar.f2.koordinater', 'primary')
on conflict do nothing;

insert into public.item_sources (item_version_id, source_document_id, locator)
values ('61000000-0000-0000-0000-000000000006', '10000000-0000-0000-0000-000000000001', 'platshållare')
on conflict do nothing;

insert into public.item_templates (id, stable_key, certification_id, item_kind, status)
values ('60000000-0000-0000-0000-000000000007', 'f2-koordinater-007', 'forarintyg', 'single_choice', 'review')
on conflict (stable_key) do nothing;

insert into public.item_versions
  (id, template_id, version, syllabus_version_id, stem_sv, interaction, answer_key,
   grading_policy, explanation_sv, criticality, status, generation_provenance)
values
  ('61000000-0000-0000-0000-000000000007', '60000000-0000-0000-0000-000000000007', 1, '20000000-0000-0000-0000-000000000001', 'Hur många bågminuter går det på en grad?',
   '{"kind":"single_choice","shuffle":true,"options":[{"key":"a","text_sv":"10"},{"key":"b","text_sv":"60"},{"key":"c","text_sv":"100"},{"key":"d","text_sv":"360"}]}'::jsonb, '{"correct":"b"}'::jsonb, '{"mode":"single_choice"}'::jsonb,
   'En grad delas i 60 minuter. Minuterna kan i sin tur delas i decimaler.', 'standard', 'review',
   '{"method":"ai_draft","model":"claude","needs_domain_review":true}'::jsonb)
on conflict (template_id, version) do nothing;

update public.item_templates set current_version_id = '61000000-0000-0000-0000-000000000007' where id = '60000000-0000-0000-0000-000000000007';

insert into public.item_objectives (item_version_id, objective_id, role)
values ('61000000-0000-0000-0000-000000000007', 'forar.f2.koordinater', 'primary')
on conflict do nothing;

insert into public.item_sources (item_version_id, source_document_id, locator)
values ('61000000-0000-0000-0000-000000000007', '10000000-0000-0000-0000-000000000001', 'platshållare')
on conflict do nothing;

insert into public.item_templates (id, stable_key, certification_id, item_kind, status)
values ('60000000-0000-0000-0000-000000000008', 'f2-koordinater-008', 'forarintyg', 'ordering', 'review')
on conflict (stable_key) do nothing;

insert into public.item_versions
  (id, template_id, version, syllabus_version_id, stem_sv, interaction, answer_key,
   grading_policy, explanation_sv, criticality, status, generation_provenance)
values
  ('61000000-0000-0000-0000-000000000008', '60000000-0000-0000-0000-000000000008', 1, '20000000-0000-0000-0000-000000000001', 'Ordna delarna så att de bildar en korrekt skriven position.',
   '{"kind":"ordering","items":[{"key":"a","text_sv":"N 58°"},{"key":"b","text_sv":"10,5′"},{"key":"c","text_sv":"E 011°"},{"key":"d","text_sv":"20,0′"}]}'::jsonb, '{"order":["a","b","c","d"]}'::jsonb, '{"mode":"exact_order"}'::jsonb,
   'Latitud skrivs först (grader, sedan minuter), därefter longitud (grader, sedan minuter).', 'standard', 'review',
   '{"method":"ai_draft","model":"claude","needs_domain_review":true}'::jsonb)
on conflict (template_id, version) do nothing;

update public.item_templates set current_version_id = '61000000-0000-0000-0000-000000000008' where id = '60000000-0000-0000-0000-000000000008';

insert into public.item_objectives (item_version_id, objective_id, role)
values ('61000000-0000-0000-0000-000000000008', 'forar.f2.koordinater', 'primary')
on conflict do nothing;

insert into public.item_sources (item_version_id, source_document_id, locator)
values ('61000000-0000-0000-0000-000000000008', '10000000-0000-0000-0000-000000000001', 'platshållare')
on conflict do nothing;

insert into public.item_templates (id, stable_key, certification_id, item_kind, status)
values ('60000000-0000-0000-0000-000000000009', 'f4-laterala-marken-009', 'forarintyg', 'single_choice', 'review')
on conflict (stable_key) do nothing;

insert into public.item_versions
  (id, template_id, version, syllabus_version_id, stem_sv, interaction, answer_key,
   grading_policy, explanation_sv, criticality, status, generation_provenance)
values
  ('61000000-0000-0000-0000-000000000009', '60000000-0000-0000-0000-000000000009', 1, '20000000-0000-0000-0000-000000000001', 'Du går in mot hamn från sjön och möter ett rött märke med cylinderformat topptecken. På vilken sida ska du hålla märket?',
   '{"kind":"single_choice","shuffle":true,"options":[{"key":"a","text_sv":"Om babord"},{"key":"b","text_sv":"Om styrbord"},{"key":"c","text_sv":"Valfri sida"},{"key":"d","text_sv":"Märket ska inte passeras alls"}]}'::jsonb, '{"correct":"a"}'::jsonb, '{"mode":"single_choice"}'::jsonb,
   'Röda babordsmärken hålls om babord vid ingående från sjön (IALA A).', 'important', 'review',
   '{"method":"ai_draft","model":"claude","needs_domain_review":true}'::jsonb)
on conflict (template_id, version) do nothing;

update public.item_templates set current_version_id = '61000000-0000-0000-0000-000000000009' where id = '60000000-0000-0000-0000-000000000009';

insert into public.item_objectives (item_version_id, objective_id, role)
values ('61000000-0000-0000-0000-000000000009', 'forar.f4.laterala-marken', 'primary')
on conflict do nothing;

insert into public.item_sources (item_version_id, source_document_id, locator)
values ('61000000-0000-0000-0000-000000000009', '10000000-0000-0000-0000-000000000001', 'platshållare')
on conflict do nothing;
insert into public.item_misconceptions (item_version_id, answer_key, misconception_id) values
  ('61000000-0000-0000-0000-000000000009', 'b', 'mc.lateral-fargforvaxling')
  on conflict do nothing;

insert into public.item_templates (id, stable_key, certification_id, item_kind, status)
values ('60000000-0000-0000-0000-000000000010', 'f4-laterala-marken-010', 'forarintyg', 'single_choice', 'review')
on conflict (stable_key) do nothing;

insert into public.item_versions
  (id, template_id, version, syllabus_version_id, stem_sv, interaction, answer_key,
   grading_policy, explanation_sv, criticality, status, generation_provenance)
values
  ('61000000-0000-0000-0000-000000000010', '60000000-0000-0000-0000-000000000010', 1, '20000000-0000-0000-0000-000000000001', 'Vilken färg har ett styrbordsmärkes ljus i mörker?',
   '{"kind":"single_choice","shuffle":true,"options":[{"key":"a","text_sv":"Rött"},{"key":"b","text_sv":"Vitt"},{"key":"c","text_sv":"Grönt"},{"key":"d","text_sv":"Gult"}]}'::jsonb, '{"correct":"c"}'::jsonb, '{"mode":"single_choice"}'::jsonb,
   'Styrbordsmärken är gröna och lyser grönt; babordsmärken är röda och lyser rött.', 'important', 'review',
   '{"method":"ai_draft","model":"claude","needs_domain_review":true}'::jsonb)
on conflict (template_id, version) do nothing;

update public.item_templates set current_version_id = '61000000-0000-0000-0000-000000000010' where id = '60000000-0000-0000-0000-000000000010';

insert into public.item_objectives (item_version_id, objective_id, role)
values ('61000000-0000-0000-0000-000000000010', 'forar.f4.laterala-marken', 'primary')
on conflict do nothing;

insert into public.item_sources (item_version_id, source_document_id, locator)
values ('61000000-0000-0000-0000-000000000010', '10000000-0000-0000-0000-000000000001', 'platshållare')
on conflict do nothing;
insert into public.item_misconceptions (item_version_id, answer_key, misconception_id) values
  ('61000000-0000-0000-0000-000000000010', 'a', 'mc.lateral-fargforvaxling')
  on conflict do nothing;

insert into public.item_templates (id, stable_key, certification_id, item_kind, status)
values ('60000000-0000-0000-0000-000000000011', 'f4-laterala-marken-011', 'forarintyg', 'single_choice', 'review')
on conflict (stable_key) do nothing;

insert into public.item_versions
  (id, template_id, version, syllabus_version_id, stem_sv, interaction, answer_key,
   grading_policy, explanation_sv, criticality, status, generation_provenance)
values
  ('61000000-0000-0000-0000-000000000011', '60000000-0000-0000-0000-000000000011', 1, '20000000-0000-0000-0000-000000000001', 'Vilket topptecken har ett styrbordsmärke?',
   '{"kind":"single_choice","shuffle":true,"options":[{"key":"a","text_sv":"Cylinder"},{"key":"b","text_sv":"Kon med spetsen uppåt"},{"key":"c","text_sv":"Klot"},{"key":"d","text_sv":"Kryss"}]}'::jsonb, '{"correct":"b"}'::jsonb, '{"mode":"single_choice"}'::jsonb,
   'Styrbordsmärken har konformat topptecken med spetsen uppåt; babordsmärken har cylinder.', 'important', 'review',
   '{"method":"ai_draft","model":"claude","needs_domain_review":true}'::jsonb)
on conflict (template_id, version) do nothing;

update public.item_templates set current_version_id = '61000000-0000-0000-0000-000000000011' where id = '60000000-0000-0000-0000-000000000011';

insert into public.item_objectives (item_version_id, objective_id, role)
values ('61000000-0000-0000-0000-000000000011', 'forar.f4.laterala-marken', 'primary')
on conflict do nothing;

insert into public.item_sources (item_version_id, source_document_id, locator)
values ('61000000-0000-0000-0000-000000000011', '10000000-0000-0000-0000-000000000001', 'platshållare')
on conflict do nothing;
insert into public.item_misconceptions (item_version_id, answer_key, misconception_id) values
  ('61000000-0000-0000-0000-000000000011', 'a', 'mc.lateral-fargforvaxling')
  on conflict do nothing;

insert into public.item_templates (id, stable_key, certification_id, item_kind, status)
values ('60000000-0000-0000-0000-000000000012', 'f4-laterala-marken-012', 'forarintyg', 'multiple_select', 'review')
on conflict (stable_key) do nothing;

insert into public.item_versions
  (id, template_id, version, syllabus_version_id, stem_sv, interaction, answer_key,
   grading_policy, explanation_sv, criticality, status, generation_provenance)
values
  ('61000000-0000-0000-0000-000000000012', '60000000-0000-0000-0000-000000000012', 1, '20000000-0000-0000-0000-000000000001', 'Vilka påståenden om laterala märken i IALA A stämmer vid ingående från sjön? Välj alla som stämmer.',
   '{"kind":"multiple_select","shuffle":true,"options":[{"key":"a","text_sv":"Babordsmärken är röda"},{"key":"b","text_sv":"Styrbordsmärken är gröna"},{"key":"c","text_sv":"Babordsmärken hålls om styrbord"},{"key":"d","text_sv":"Färgerna gäller oberoende av färdriktning"}]}'::jsonb, '{"correct":["a","b"]}'::jsonb, '{"mode":"exact_set"}'::jsonb,
   'Rött = babordssida, grönt = styrbordssida vid ingående från sjön. Riktningen är avgörande — på utgående gäller det omvända.', 'important', 'review',
   '{"method":"ai_draft","model":"claude","needs_domain_review":true}'::jsonb)
on conflict (template_id, version) do nothing;

update public.item_templates set current_version_id = '61000000-0000-0000-0000-000000000012' where id = '60000000-0000-0000-0000-000000000012';

insert into public.item_objectives (item_version_id, objective_id, role)
values ('61000000-0000-0000-0000-000000000012', 'forar.f4.laterala-marken', 'primary')
on conflict do nothing;

insert into public.item_sources (item_version_id, source_document_id, locator)
values ('61000000-0000-0000-0000-000000000012', '10000000-0000-0000-0000-000000000001', 'platshållare')
on conflict do nothing;
insert into public.item_misconceptions (item_version_id, answer_key, misconception_id) values
  ('61000000-0000-0000-0000-000000000012', 'c', 'mc.lateral-fargforvaxling')
  on conflict do nothing;

insert into public.item_templates (id, stable_key, certification_id, item_kind, status)
values ('60000000-0000-0000-0000-000000000013', 'f4-kardinalmarken-013', 'forarintyg', 'single_choice', 'review')
on conflict (stable_key) do nothing;

insert into public.item_versions
  (id, template_id, version, syllabus_version_id, stem_sv, interaction, answer_key,
   grading_policy, explanation_sv, criticality, status, generation_provenance)
values
  ('61000000-0000-0000-0000-000000000013', '60000000-0000-0000-0000-000000000013', 1, '20000000-0000-0000-0000-000000000001', 'Hur passerar du ett nordmärke?',
   '{"kind":"single_choice","shuffle":true,"options":[{"key":"a","text_sv":"Norr om märket"},{"key":"b","text_sv":"Söder om märket"},{"key":"c","text_sv":"Så nära märket som möjligt"},{"key":"d","text_sv":"Valfritt — märket är bara en upplysning"}]}'::jsonb, '{"correct":"a"}'::jsonb, '{"mode":"single_choice"}'::jsonb,
   'Kardinalmärkets namn anger den sida där det är säkert att passera: nordmärke passeras norr om.', 'important', 'review',
   '{"method":"ai_draft","model":"claude","needs_domain_review":true}'::jsonb)
on conflict (template_id, version) do nothing;

update public.item_templates set current_version_id = '61000000-0000-0000-0000-000000000013' where id = '60000000-0000-0000-0000-000000000013';

insert into public.item_objectives (item_version_id, objective_id, role)
values ('61000000-0000-0000-0000-000000000013', 'forar.f4.kardinalmarken', 'primary')
on conflict do nothing;

insert into public.item_sources (item_version_id, source_document_id, locator)
values ('61000000-0000-0000-0000-000000000013', '10000000-0000-0000-0000-000000000001', 'platshållare')
on conflict do nothing;
insert into public.item_misconceptions (item_version_id, answer_key, misconception_id) values
  ('61000000-0000-0000-0000-000000000013', 'b', 'mc.kardinal-riktning')
  on conflict do nothing;

insert into public.item_templates (id, stable_key, certification_id, item_kind, status)
values ('60000000-0000-0000-0000-000000000014', 'f4-kardinalmarken-014', 'forarintyg', 'single_choice', 'review')
on conflict (stable_key) do nothing;

insert into public.item_versions
  (id, template_id, version, syllabus_version_id, stem_sv, interaction, answer_key,
   grading_policy, explanation_sv, criticality, status, generation_provenance)
values
  ('61000000-0000-0000-0000-000000000014', '60000000-0000-0000-0000-000000000014', 1, '20000000-0000-0000-0000-000000000001', 'Vilket topptecken har ett sydmärke?',
   '{"kind":"single_choice","shuffle":true,"options":[{"key":"a","text_sv":"Två koner med spetsarna uppåt"},{"key":"b","text_sv":"Två koner med spetsarna nedåt"},{"key":"c","text_sv":"Två koner bas mot bas"},{"key":"d","text_sv":"Två koner spets mot spets"}]}'::jsonb, '{"correct":"b"}'::jsonb, '{"mode":"single_choice"}'::jsonb,
   'Sydmärket har två koner med spetsarna nedåt. Minnesregel: konerna pekar mot syd på kompassen.', 'important', 'review',
   '{"method":"ai_draft","model":"claude","needs_domain_review":true}'::jsonb)
on conflict (template_id, version) do nothing;

update public.item_templates set current_version_id = '61000000-0000-0000-0000-000000000014' where id = '60000000-0000-0000-0000-000000000014';

insert into public.item_objectives (item_version_id, objective_id, role)
values ('61000000-0000-0000-0000-000000000014', 'forar.f4.kardinalmarken', 'primary')
on conflict do nothing;

insert into public.item_sources (item_version_id, source_document_id, locator)
values ('61000000-0000-0000-0000-000000000014', '10000000-0000-0000-0000-000000000001', 'platshållare')
on conflict do nothing;

insert into public.item_templates (id, stable_key, certification_id, item_kind, status)
values ('60000000-0000-0000-0000-000000000015', 'f4-kardinalmarken-015', 'forarintyg', 'matching', 'review')
on conflict (stable_key) do nothing;

insert into public.item_versions
  (id, template_id, version, syllabus_version_id, stem_sv, interaction, answer_key,
   grading_policy, explanation_sv, criticality, status, generation_provenance)
values
  ('61000000-0000-0000-0000-000000000015', '60000000-0000-0000-0000-000000000015', 1, '20000000-0000-0000-0000-000000000001', 'Para ihop kardinalmärke med rätt passagesida.',
   '{"kind":"matching","left":[{"key":"l1","text_sv":"Nordmärke"},{"key":"l2","text_sv":"Ostmärke"},{"key":"l3","text_sv":"Sydmärke"},{"key":"l4","text_sv":"Västmärke"}],"right":[{"key":"r1","text_sv":"Passera norr om"},{"key":"r2","text_sv":"Passera öster om"},{"key":"r3","text_sv":"Passera söder om"},{"key":"r4","text_sv":"Passera väster om"}]}'::jsonb, '{"pairs":{"l1":"r1","l2":"r2","l3":"r3","l4":"r4"}}'::jsonb, '{"mode":"exact_pairs"}'::jsonb,
   'Namnet anger den fria sidan: passera på den sida som märket är uppkallat efter.', 'important', 'review',
   '{"method":"ai_draft","model":"claude","needs_domain_review":true}'::jsonb)
on conflict (template_id, version) do nothing;

update public.item_templates set current_version_id = '61000000-0000-0000-0000-000000000015' where id = '60000000-0000-0000-0000-000000000015';

insert into public.item_objectives (item_version_id, objective_id, role)
values ('61000000-0000-0000-0000-000000000015', 'forar.f4.kardinalmarken', 'primary')
on conflict do nothing;

insert into public.item_sources (item_version_id, source_document_id, locator)
values ('61000000-0000-0000-0000-000000000015', '10000000-0000-0000-0000-000000000001', 'platshållare')
on conflict do nothing;

insert into public.item_templates (id, stable_key, certification_id, item_kind, status)
values ('60000000-0000-0000-0000-000000000016', 'f4-kardinalmarken-016', 'forarintyg', 'single_choice', 'review')
on conflict (stable_key) do nothing;

insert into public.item_versions
  (id, template_id, version, syllabus_version_id, stem_sv, interaction, answer_key,
   grading_policy, explanation_sv, criticality, status, generation_provenance)
values
  ('61000000-0000-0000-0000-000000000016', '60000000-0000-0000-0000-000000000016', 1, '20000000-0000-0000-0000-000000000001', 'Vad markerar ett kardinalmärke i praktiken?',
   '{"kind":"single_choice","shuffle":true,"options":[{"key":"a","text_sv":"Farledens mitt"},{"key":"b","text_sv":"En fara — och på vilken sida faran kan passeras säkert"},{"key":"c","text_sv":"Hamnens inlopp"},{"key":"d","text_sv":"Ankringsplats"}]}'::jsonb, '{"correct":"b"}'::jsonb, '{"mode":"single_choice"}'::jsonb,
   'Kardinalmärken ställs vid faror (t.ex. grund) och visar med sitt väderstreck var det är säkert att passera.', 'important', 'review',
   '{"method":"ai_draft","model":"claude","needs_domain_review":true}'::jsonb)
on conflict (template_id, version) do nothing;

update public.item_templates set current_version_id = '61000000-0000-0000-0000-000000000016' where id = '60000000-0000-0000-0000-000000000016';

insert into public.item_objectives (item_version_id, objective_id, role)
values ('61000000-0000-0000-0000-000000000016', 'forar.f4.kardinalmarken', 'primary')
on conflict do nothing;

insert into public.item_sources (item_version_id, source_document_id, locator)
values ('61000000-0000-0000-0000-000000000016', '10000000-0000-0000-0000-000000000001', 'platshållare')
on conflict do nothing;
insert into public.item_misconceptions (item_version_id, answer_key, misconception_id) values
  ('61000000-0000-0000-0000-000000000016', 'a', 'mc.kardinal-riktning')
  on conflict do nothing;

insert into public.item_templates (id, stable_key, certification_id, item_kind, status)
values ('60000000-0000-0000-0000-000000000017', 'f4-fyrkaraktarer-017', 'forarintyg', 'single_choice', 'review')
on conflict (stable_key) do nothing;

insert into public.item_versions
  (id, template_id, version, syllabus_version_id, stem_sv, interaction, answer_key,
   grading_policy, explanation_sv, criticality, status, generation_provenance)
values
  ('61000000-0000-0000-0000-000000000017', '60000000-0000-0000-0000-000000000017', 1, '20000000-0000-0000-0000-000000000001', 'Vad betyder fyrkaraktären Fl(2) 10s?',
   '{"kind":"single_choice","shuffle":true,"options":[{"key":"a","text_sv":"Två blixtar som upprepas var tionde sekund"},{"key":"b","text_sv":"Tio blixtar varannan sekund"},{"key":"c","text_sv":"Fast sken i tio sekunder"},{"key":"d","text_sv":"Två sekunders sken, tio sekunders mörker"}]}'::jsonb, '{"correct":"a"}'::jsonb, '{"mode":"single_choice"}'::jsonb,
   'Fl(2) 10s = gruppblixt med två blixtar per period om tio sekunder.', 'standard', 'review',
   '{"method":"ai_draft","model":"claude","needs_domain_review":true}'::jsonb)
on conflict (template_id, version) do nothing;

update public.item_templates set current_version_id = '61000000-0000-0000-0000-000000000017' where id = '60000000-0000-0000-0000-000000000017';

insert into public.item_objectives (item_version_id, objective_id, role)
values ('61000000-0000-0000-0000-000000000017', 'forar.f4.fyrkaraktarer', 'primary')
on conflict do nothing;

insert into public.item_sources (item_version_id, source_document_id, locator)
values ('61000000-0000-0000-0000-000000000017', '10000000-0000-0000-0000-000000000001', 'platshållare')
on conflict do nothing;

insert into public.item_templates (id, stable_key, certification_id, item_kind, status)
values ('60000000-0000-0000-0000-000000000018', 'f4-fyrkaraktarer-018', 'forarintyg', 'single_choice', 'review')
on conflict (stable_key) do nothing;

insert into public.item_versions
  (id, template_id, version, syllabus_version_id, stem_sv, interaction, answer_key,
   grading_policy, explanation_sv, criticality, status, generation_provenance)
values
  ('61000000-0000-0000-0000-000000000018', '60000000-0000-0000-0000-000000000018', 1, '20000000-0000-0000-0000-000000000001', 'Vad kännetecknar ett intermittent sken (Oc)?',
   '{"kind":"single_choice","shuffle":true,"options":[{"key":"a","text_sv":"Ljusperioden är längre än mörkerperioden"},{"key":"b","text_sv":"Mörkerperioden är längre än ljusperioden"},{"key":"c","text_sv":"Ljus och mörker är exakt lika långa"},{"key":"d","text_sv":"Ljuset är alltid rött"}]}'::jsonb, '{"correct":"a"}'::jsonb, '{"mode":"single_choice"}'::jsonb,
   'Intermittent (Oc) = mestadels ljus som bryts av kortare förmörkelser. Motsatsen till blixt/blänk.', 'standard', 'review',
   '{"method":"ai_draft","model":"claude","needs_domain_review":true}'::jsonb)
on conflict (template_id, version) do nothing;

update public.item_templates set current_version_id = '61000000-0000-0000-0000-000000000018' where id = '60000000-0000-0000-0000-000000000018';

insert into public.item_objectives (item_version_id, objective_id, role)
values ('61000000-0000-0000-0000-000000000018', 'forar.f4.fyrkaraktarer', 'primary')
on conflict do nothing;

insert into public.item_sources (item_version_id, source_document_id, locator)
values ('61000000-0000-0000-0000-000000000018', '10000000-0000-0000-0000-000000000001', 'platshållare')
on conflict do nothing;

insert into public.item_templates (id, stable_key, certification_id, item_kind, status)
values ('60000000-0000-0000-0000-000000000019', 'f4-fyrkaraktarer-019', 'forarintyg', 'single_choice', 'review')
on conflict (stable_key) do nothing;

insert into public.item_versions
  (id, template_id, version, syllabus_version_id, stem_sv, interaction, answer_key,
   grading_policy, explanation_sv, criticality, status, generation_provenance)
values
  ('61000000-0000-0000-0000-000000000019', '60000000-0000-0000-0000-000000000019', 1, '20000000-0000-0000-0000-000000000001', 'Vad innebär det att ett sken är Iso?',
   '{"kind":"single_choice","shuffle":true,"options":[{"key":"a","text_sv":"Ljus och mörker är lika långa"},{"key":"b","text_sv":"Ljuset visas bara vid nedsatt sikt"},{"key":"c","text_sv":"Skenet är alltid grönt"},{"key":"d","text_sv":"Fyren är släckt"}]}'::jsonb, '{"correct":"a"}'::jsonb, '{"mode":"single_choice"}'::jsonb,
   'Isofas (Iso) betyder lika lång ljus- och mörkerperiod.', 'standard', 'review',
   '{"method":"ai_draft","model":"claude","needs_domain_review":true}'::jsonb)
on conflict (template_id, version) do nothing;

update public.item_templates set current_version_id = '61000000-0000-0000-0000-000000000019' where id = '60000000-0000-0000-0000-000000000019';

insert into public.item_objectives (item_version_id, objective_id, role)
values ('61000000-0000-0000-0000-000000000019', 'forar.f4.fyrkaraktarer', 'primary')
on conflict do nothing;

insert into public.item_sources (item_version_id, source_document_id, locator)
values ('61000000-0000-0000-0000-000000000019', '10000000-0000-0000-0000-000000000001', 'platshållare')
on conflict do nothing;

insert into public.item_templates (id, stable_key, certification_id, item_kind, status)
values ('60000000-0000-0000-0000-000000000020', 'f4-fyrkaraktarer-020', 'forarintyg', 'matching', 'review')
on conflict (stable_key) do nothing;

insert into public.item_versions
  (id, template_id, version, syllabus_version_id, stem_sv, interaction, answer_key,
   grading_policy, explanation_sv, criticality, status, generation_provenance)
values
  ('61000000-0000-0000-0000-000000000020', '60000000-0000-0000-0000-000000000020', 1, '20000000-0000-0000-0000-000000000001', 'Para ihop beteckning med beskrivning.',
   '{"kind":"matching","left":[{"key":"l1","text_sv":"F"},{"key":"l2","text_sv":"Fl"},{"key":"l3","text_sv":"Iso"},{"key":"l4","text_sv":"Q"}],"right":[{"key":"r1","text_sv":"Fast sken"},{"key":"r2","text_sv":"Blixt/blänk — kort ljus, längre mörker"},{"key":"r3","text_sv":"Lika lång ljus- och mörkerperiod"},{"key":"r4","text_sv":"Snabblixt — mycket täta blixtar"}]}'::jsonb, '{"pairs":{"l1":"r1","l2":"r2","l3":"r3","l4":"r4"}}'::jsonb, '{"mode":"exact_pairs"}'::jsonb,
   'F = fast, Fl = blixt, Iso = isofas, Q = snabblixt.', 'standard', 'review',
   '{"method":"ai_draft","model":"claude","needs_domain_review":true}'::jsonb)
on conflict (template_id, version) do nothing;

update public.item_templates set current_version_id = '61000000-0000-0000-0000-000000000020' where id = '60000000-0000-0000-0000-000000000020';

insert into public.item_objectives (item_version_id, objective_id, role)
values ('61000000-0000-0000-0000-000000000020', 'forar.f4.fyrkaraktarer', 'primary')
on conflict do nothing;

insert into public.item_sources (item_version_id, source_document_id, locator)
values ('61000000-0000-0000-0000-000000000020', '10000000-0000-0000-0000-000000000001', 'platshållare')
on conflict do nothing;

insert into public.item_templates (id, stable_key, certification_id, item_kind, status)
values ('60000000-0000-0000-0000-000000000021', 'f7-fart-tid-distans-021', 'forarintyg', 'numeric', 'review')
on conflict (stable_key) do nothing;

insert into public.item_versions
  (id, template_id, version, syllabus_version_id, stem_sv, interaction, answer_key,
   grading_policy, explanation_sv, criticality, status, generation_provenance)
values
  ('61000000-0000-0000-0000-000000000021', '60000000-0000-0000-0000-000000000021', 1, '20000000-0000-0000-0000-000000000001', 'Du ska gå 6,0 M och håller 5,0 knop. Hur lång blir gångtiden i minuter?',
   '{"kind":"numeric","unit":"minuter"}'::jsonb, '{"value":72,"tolerance":0}'::jsonb, '{"mode":"exact_with_tolerance"}'::jsonb,
   'Tid = distans / fart = 6,0 / 5,0 = 1,2 timmar = 72 minuter.', 'important', 'review',
   '{"method":"ai_draft","model":"claude","needs_domain_review":true}'::jsonb)
on conflict (template_id, version) do nothing;

update public.item_templates set current_version_id = '61000000-0000-0000-0000-000000000021' where id = '60000000-0000-0000-0000-000000000021';

insert into public.item_objectives (item_version_id, objective_id, role)
values ('61000000-0000-0000-0000-000000000021', 'forar.f7.fart-tid-distans', 'primary')
on conflict do nothing;

insert into public.item_sources (item_version_id, source_document_id, locator)
values ('61000000-0000-0000-0000-000000000021', '10000000-0000-0000-0000-000000000001', 'platshållare')
on conflict do nothing;

insert into public.item_templates (id, stable_key, certification_id, item_kind, status)
values ('60000000-0000-0000-0000-000000000022', 'f7-fart-tid-distans-022', 'forarintyg', 'numeric', 'review')
on conflict (stable_key) do nothing;

insert into public.item_versions
  (id, template_id, version, syllabus_version_id, stem_sv, interaction, answer_key,
   grading_policy, explanation_sv, criticality, status, generation_provenance)
values
  ('61000000-0000-0000-0000-000000000022', '60000000-0000-0000-0000-000000000022', 1, '20000000-0000-0000-0000-000000000001', 'Du håller 8,0 knop i 45 minuter. Hur långt hinner du? Svara i nautiska mil med en decimal.',
   '{"kind":"numeric","unit":"M"}'::jsonb, '{"value":6,"tolerance":0.05}'::jsonb, '{"mode":"exact_with_tolerance"}'::jsonb,
   '45 minuter = 0,75 timmar. Distans = fart × tid = 8,0 × 0,75 = 6,0 M.', 'important', 'review',
   '{"method":"ai_draft","model":"claude","needs_domain_review":true}'::jsonb)
on conflict (template_id, version) do nothing;

update public.item_templates set current_version_id = '61000000-0000-0000-0000-000000000022' where id = '60000000-0000-0000-0000-000000000022';

insert into public.item_objectives (item_version_id, objective_id, role)
values ('61000000-0000-0000-0000-000000000022', 'forar.f7.fart-tid-distans', 'primary')
on conflict do nothing;

insert into public.item_sources (item_version_id, source_document_id, locator)
values ('61000000-0000-0000-0000-000000000022', '10000000-0000-0000-0000-000000000001', 'platshållare')
on conflict do nothing;

insert into public.item_templates (id, stable_key, certification_id, item_kind, status)
values ('60000000-0000-0000-0000-000000000023', 'f7-fart-tid-distans-023', 'forarintyg', 'numeric', 'review')
on conflict (stable_key) do nothing;

insert into public.item_versions
  (id, template_id, version, syllabus_version_id, stem_sv, interaction, answer_key,
   grading_policy, explanation_sv, criticality, status, generation_provenance)
values
  ('61000000-0000-0000-0000-000000000023', '60000000-0000-0000-0000-000000000023', 1, '20000000-0000-0000-0000-000000000001', 'Du loggar 9,0 M på 1 timme och 30 minuter. Vilken fart har du hållit i knop?',
   '{"kind":"numeric","unit":"knop"}'::jsonb, '{"value":6,"tolerance":0.05}'::jsonb, '{"mode":"exact_with_tolerance"}'::jsonb,
   '1 h 30 min = 1,5 timmar. Fart = distans / tid = 9,0 / 1,5 = 6,0 knop.', 'important', 'review',
   '{"method":"ai_draft","model":"claude","needs_domain_review":true}'::jsonb)
on conflict (template_id, version) do nothing;

update public.item_templates set current_version_id = '61000000-0000-0000-0000-000000000023' where id = '60000000-0000-0000-0000-000000000023';

insert into public.item_objectives (item_version_id, objective_id, role)
values ('61000000-0000-0000-0000-000000000023', 'forar.f7.fart-tid-distans', 'primary')
on conflict do nothing;

insert into public.item_sources (item_version_id, source_document_id, locator)
values ('61000000-0000-0000-0000-000000000023', '10000000-0000-0000-0000-000000000001', 'platshållare')
on conflict do nothing;

insert into public.item_templates (id, stable_key, certification_id, item_kind, status)
values ('60000000-0000-0000-0000-000000000024', 'f7-fart-tid-distans-024', 'forarintyg', 'numeric', 'review')
on conflict (stable_key) do nothing;

insert into public.item_versions
  (id, template_id, version, syllabus_version_id, stem_sv, interaction, answer_key,
   grading_policy, explanation_sv, criticality, status, generation_provenance)
values
  ('61000000-0000-0000-0000-000000000024', '60000000-0000-0000-0000-000000000024', 1, '20000000-0000-0000-0000-000000000001', 'Du lämnar bryggan kl. 09:40 och har 7,5 M till gästhamnen. Farten är 5,0 knop. När är du framme? Svara som klockslag HHMM.',
   '{"kind":"numeric","unit":"klockslag"}'::jsonb, '{"value":1110,"tolerance":0}'::jsonb, '{"mode":"exact_with_tolerance"}'::jsonb,
   'Tid = 7,5 / 5,0 = 1,5 h = 90 minuter. 09:40 + 1:30 = 11:10.', 'important', 'review',
   '{"method":"ai_draft","model":"claude","needs_domain_review":true}'::jsonb)
on conflict (template_id, version) do nothing;

update public.item_templates set current_version_id = '61000000-0000-0000-0000-000000000024' where id = '60000000-0000-0000-0000-000000000024';

insert into public.item_objectives (item_version_id, objective_id, role)
values ('61000000-0000-0000-0000-000000000024', 'forar.f7.fart-tid-distans', 'primary')
on conflict do nothing;

insert into public.item_sources (item_version_id, source_document_id, locator)
values ('61000000-0000-0000-0000-000000000024', '10000000-0000-0000-0000-000000000001', 'platshållare')
on conflict do nothing;

insert into public.item_templates (id, stable_key, certification_id, item_kind, status)
values ('60000000-0000-0000-0000-000000000025', 'f8-vajning-motor-025', 'forarintyg', 'single_choice', 'review')
on conflict (stable_key) do nothing;

insert into public.item_versions
  (id, template_id, version, syllabus_version_id, stem_sv, interaction, answer_key,
   grading_policy, explanation_sv, criticality, status, generation_provenance)
values
  ('61000000-0000-0000-0000-000000000025', '60000000-0000-0000-0000-000000000025', 1, '20000000-0000-0000-0000-000000000001', 'Två motorbåtar möts stäv mot stäv. Vad är rätt?',
   '{"kind":"single_choice","shuffle":true,"options":[{"key":"a","text_sv":"Båda girar styrbord och passerar babord mot babord"},{"key":"b","text_sv":"Båda girar babord"},{"key":"c","text_sv":"Den snabbare båten väjer"},{"key":"d","text_sv":"Den större båten väjer"}]}'::jsonb, '{"correct":"a"}'::jsonb, '{"mode":"single_choice"}'::jsonb,
   'Vid möte stäv mot stäv girar båda styrbord så att passagen sker babord mot babord.', 'safety_critical', 'review',
   '{"method":"ai_draft","model":"claude","needs_domain_review":true}'::jsonb)
on conflict (template_id, version) do nothing;

update public.item_templates set current_version_id = '61000000-0000-0000-0000-000000000025' where id = '60000000-0000-0000-0000-000000000025';

insert into public.item_objectives (item_version_id, objective_id, role)
values ('61000000-0000-0000-0000-000000000025', 'forar.f8.vajning-motor', 'primary')
on conflict do nothing;

insert into public.item_sources (item_version_id, source_document_id, locator)
values ('61000000-0000-0000-0000-000000000025', '10000000-0000-0000-0000-000000000001', 'platshållare')
on conflict do nothing;
insert into public.item_misconceptions (item_version_id, answer_key, misconception_id) values
  ('61000000-0000-0000-0000-000000000025', 'b', 'mc.vajning-babord')
  on conflict do nothing;

insert into public.item_templates (id, stable_key, certification_id, item_kind, status)
values ('60000000-0000-0000-0000-000000000026', 'f8-vajning-motor-026', 'forarintyg', 'single_choice', 'review')
on conflict (stable_key) do nothing;

insert into public.item_versions
  (id, template_id, version, syllabus_version_id, stem_sv, interaction, answer_key,
   grading_policy, explanation_sv, criticality, status, generation_provenance)
values
  ('61000000-0000-0000-0000-000000000026', '60000000-0000-0000-0000-000000000026', 1, '20000000-0000-0000-0000-000000000001', 'Två motorbåtar närmar sig på korsande kurser. Du har den andra båten på din styrbordssida. Vad gäller?',
   '{"kind":"single_choice","shuffle":true,"options":[{"key":"a","text_sv":"Du ska väja — helst genom att gå akter om den andra"},{"key":"b","text_sv":"Den andra båten ska väja"},{"key":"c","text_sv":"Den som är snabbast väjer"},{"key":"d","text_sv":"Båda håller kurs och fart"}]}'::jsonb, '{"correct":"a"}'::jsonb, '{"mode":"single_choice"}'::jsonb,
   'Den som har den andra på sin styrbordssida är väjningsskyldig. Väj tydligt, gärna akter om.', 'safety_critical', 'review',
   '{"method":"ai_draft","model":"claude","needs_domain_review":true}'::jsonb)
on conflict (template_id, version) do nothing;

update public.item_templates set current_version_id = '61000000-0000-0000-0000-000000000026' where id = '60000000-0000-0000-0000-000000000026';

insert into public.item_objectives (item_version_id, objective_id, role)
values ('61000000-0000-0000-0000-000000000026', 'forar.f8.vajning-motor', 'primary')
on conflict do nothing;

insert into public.item_sources (item_version_id, source_document_id, locator)
values ('61000000-0000-0000-0000-000000000026', '10000000-0000-0000-0000-000000000001', 'platshållare')
on conflict do nothing;

insert into public.item_templates (id, stable_key, certification_id, item_kind, status)
values ('60000000-0000-0000-0000-000000000027', 'f8-vajning-motor-027', 'forarintyg', 'single_choice', 'review')
on conflict (stable_key) do nothing;

insert into public.item_versions
  (id, template_id, version, syllabus_version_id, stem_sv, interaction, answer_key,
   grading_policy, explanation_sv, criticality, status, generation_provenance)
values
  ('61000000-0000-0000-0000-000000000027', '60000000-0000-0000-0000-000000000027', 1, '20000000-0000-0000-0000-000000000001', 'Du hinner upp en långsammare båt. Vem ska väja?',
   '{"kind":"single_choice","shuffle":true,"options":[{"key":"a","text_sv":"Du som hinner upp — oavsett fartygstyp"},{"key":"b","text_sv":"Den upphunna"},{"key":"c","text_sv":"Den mindre båten"},{"key":"d","text_sv":"Ingen — den upphunna ska öka farten"}]}'::jsonb, '{"correct":"a"}'::jsonb, '{"mode":"single_choice"}'::jsonb,
   'Upphinnande fartyg väjer alltid, oavsett fartygstyp — även en segelbåt som hinner upp en motorbåt.', 'safety_critical', 'review',
   '{"method":"ai_draft","model":"claude","needs_domain_review":true}'::jsonb)
on conflict (template_id, version) do nothing;

update public.item_templates set current_version_id = '61000000-0000-0000-0000-000000000027' where id = '60000000-0000-0000-0000-000000000027';

insert into public.item_objectives (item_version_id, objective_id, role)
values ('61000000-0000-0000-0000-000000000027', 'forar.f8.vajning-motor', 'primary')
on conflict do nothing;

insert into public.item_sources (item_version_id, source_document_id, locator)
values ('61000000-0000-0000-0000-000000000027', '10000000-0000-0000-0000-000000000001', 'platshållare')
on conflict do nothing;

insert into public.item_templates (id, stable_key, certification_id, item_kind, status)
values ('60000000-0000-0000-0000-000000000028', 'f8-vajning-motor-028', 'forarintyg', 'multiple_select', 'review')
on conflict (stable_key) do nothing;

insert into public.item_versions
  (id, template_id, version, syllabus_version_id, stem_sv, interaction, answer_key,
   grading_policy, explanation_sv, criticality, status, generation_provenance)
values
  ('61000000-0000-0000-0000-000000000028', '60000000-0000-0000-0000-000000000028', 1, '20000000-0000-0000-0000-000000000001', 'Vad kännetecknar en korrekt väjning? Välj alla som stämmer.',
   '{"kind":"multiple_select","shuffle":true,"options":[{"key":"a","text_sv":"Den görs i god tid"},{"key":"b","text_sv":"Den är så liten att den knappt märks"},{"key":"c","text_sv":"Den är tydlig för den andra båten"},{"key":"d","text_sv":"Den kombineras vid behov med fartminskning"}]}'::jsonb, '{"correct":["a","c","d"]}'::jsonb, '{"mode":"exact_set"}'::jsonb,
   'Väj tidigt, tydligt och vid behov med sänkt fart. Små sena justeringar skapar osäkerhet.', 'safety_critical', 'review',
   '{"method":"ai_draft","model":"claude","needs_domain_review":true}'::jsonb)
on conflict (template_id, version) do nothing;

update public.item_templates set current_version_id = '61000000-0000-0000-0000-000000000028' where id = '60000000-0000-0000-0000-000000000028';

insert into public.item_objectives (item_version_id, objective_id, role)
values ('61000000-0000-0000-0000-000000000028', 'forar.f8.vajning-motor', 'primary')
on conflict do nothing;

insert into public.item_sources (item_version_id, source_document_id, locator)
values ('61000000-0000-0000-0000-000000000028', '10000000-0000-0000-0000-000000000001', 'platshållare')
on conflict do nothing;

insert into public.item_templates (id, stable_key, certification_id, item_kind, status)
values ('60000000-0000-0000-0000-000000000029', 'f8-segel-motor-029', 'forarintyg', 'single_choice', 'review')
on conflict (stable_key) do nothing;

insert into public.item_versions
  (id, template_id, version, syllabus_version_id, stem_sv, interaction, answer_key,
   grading_policy, explanation_sv, criticality, status, generation_provenance)
values
  ('61000000-0000-0000-0000-000000000029', '60000000-0000-0000-0000-000000000029', 1, '20000000-0000-0000-0000-000000000001', 'En motorbåt möter en segelbåt som seglar. Vem väjer normalt?',
   '{"kind":"single_choice","shuffle":true,"options":[{"key":"a","text_sv":"Motorbåten"},{"key":"b","text_sv":"Segelbåten"},{"key":"c","text_sv":"Den som ligger norrut"},{"key":"d","text_sv":"Ingen av dem"}]}'::jsonb, '{"correct":"a"}'::jsonb, '{"mode":"single_choice"}'::jsonb,
   'Maskindrivna fartyg väjer normalt för segelfartyg under segel.', 'safety_critical', 'review',
   '{"method":"ai_draft","model":"claude","needs_domain_review":true}'::jsonb)
on conflict (template_id, version) do nothing;

update public.item_templates set current_version_id = '61000000-0000-0000-0000-000000000029' where id = '60000000-0000-0000-0000-000000000029';

insert into public.item_objectives (item_version_id, objective_id, role)
values ('61000000-0000-0000-0000-000000000029', 'forar.f8.segel-motor', 'primary')
on conflict do nothing;

insert into public.item_sources (item_version_id, source_document_id, locator)
values ('61000000-0000-0000-0000-000000000029', '10000000-0000-0000-0000-000000000001', 'platshållare')
on conflict do nothing;

insert into public.item_templates (id, stable_key, certification_id, item_kind, status)
values ('60000000-0000-0000-0000-000000000030', 'f8-segel-motor-030', 'forarintyg', 'single_choice', 'review')
on conflict (stable_key) do nothing;

insert into public.item_versions
  (id, template_id, version, syllabus_version_id, stem_sv, interaction, answer_key,
   grading_policy, explanation_sv, criticality, status, generation_provenance)
values
  ('61000000-0000-0000-0000-000000000030', '60000000-0000-0000-0000-000000000030', 1, '20000000-0000-0000-0000-000000000001', 'En segelbåt går för motor med seglen uppe. Hur räknas den i väjningsreglerna?',
   '{"kind":"single_choice","shuffle":true,"options":[{"key":"a","text_sv":"Som segelfartyg"},{"key":"b","text_sv":"Som maskindrivet fartyg"},{"key":"c","text_sv":"Som fiskefartyg"},{"key":"d","text_sv":"Som fartyg som inte kan manövrera"}]}'::jsonb, '{"correct":"b"}'::jsonb, '{"mode":"single_choice"}'::jsonb,
   'Ett segelfartyg som går för motor räknas som maskindrivet — seglen ändrar inte det.', 'safety_critical', 'review',
   '{"method":"ai_draft","model":"claude","needs_domain_review":true}'::jsonb)
on conflict (template_id, version) do nothing;

update public.item_templates set current_version_id = '61000000-0000-0000-0000-000000000030' where id = '60000000-0000-0000-0000-000000000030';

insert into public.item_objectives (item_version_id, objective_id, role)
values ('61000000-0000-0000-0000-000000000030', 'forar.f8.segel-motor', 'primary')
on conflict do nothing;

insert into public.item_sources (item_version_id, source_document_id, locator)
values ('61000000-0000-0000-0000-000000000030', '10000000-0000-0000-0000-000000000001', 'platshållare')
on conflict do nothing;
insert into public.item_misconceptions (item_version_id, answer_key, misconception_id) values
  ('61000000-0000-0000-0000-000000000030', 'a', 'mc.segel-alltid-foretrade')
  on conflict do nothing;

insert into public.item_templates (id, stable_key, certification_id, item_kind, status)
values ('60000000-0000-0000-0000-000000000031', 'f8-segel-motor-031', 'forarintyg', 'single_choice', 'review')
on conflict (stable_key) do nothing;

insert into public.item_versions
  (id, template_id, version, syllabus_version_id, stem_sv, interaction, answer_key,
   grading_policy, explanation_sv, criticality, status, generation_provenance)
values
  ('61000000-0000-0000-0000-000000000031', '60000000-0000-0000-0000-000000000031', 1, '20000000-0000-0000-0000-000000000001', 'En segelbåt under segel hinner upp en motorbåt. Vem väjer?',
   '{"kind":"single_choice","shuffle":true,"options":[{"key":"a","text_sv":"Segelbåten — upphinnande väjer alltid"},{"key":"b","text_sv":"Motorbåten — motor väjer alltid för segel"},{"key":"c","text_sv":"Båda"},{"key":"d","text_sv":"Ingen"}]}'::jsonb, '{"correct":"a"}'::jsonb, '{"mode":"single_choice"}'::jsonb,
   'Upphinnanderegeln går före segel/motor-regeln: den som hinner upp väjer.', 'safety_critical', 'review',
   '{"method":"ai_draft","model":"claude","needs_domain_review":true}'::jsonb)
on conflict (template_id, version) do nothing;

update public.item_templates set current_version_id = '61000000-0000-0000-0000-000000000031' where id = '60000000-0000-0000-0000-000000000031';

insert into public.item_objectives (item_version_id, objective_id, role)
values ('61000000-0000-0000-0000-000000000031', 'forar.f8.segel-motor', 'primary')
on conflict do nothing;

insert into public.item_sources (item_version_id, source_document_id, locator)
values ('61000000-0000-0000-0000-000000000031', '10000000-0000-0000-0000-000000000001', 'platshållare')
on conflict do nothing;
insert into public.item_misconceptions (item_version_id, answer_key, misconception_id) values
  ('61000000-0000-0000-0000-000000000031', 'b', 'mc.segel-alltid-foretrade')
  on conflict do nothing;

insert into public.item_templates (id, stable_key, certification_id, item_kind, status)
values ('60000000-0000-0000-0000-000000000032', 'f8-segel-motor-032', 'forarintyg', 'single_choice', 'review')
on conflict (stable_key) do nothing;

insert into public.item_versions
  (id, template_id, version, syllabus_version_id, stem_sv, interaction, answer_key,
   grading_policy, explanation_sv, criticality, status, generation_provenance)
values
  ('61000000-0000-0000-0000-000000000032', '60000000-0000-0000-0000-000000000032', 1, '20000000-0000-0000-0000-000000000001', 'Varför kan en liten fritidsbåt inte kräva väjning av ett stort handelsfartyg inne i en trång farled?',
   '{"kind":"single_choice","shuffle":true,"options":[{"key":"a","text_sv":"Stora fartyg har alltid företräde överallt"},{"key":"b","text_sv":"Fartyg som bara kan framföras säkert i farleden ska inte hindras av småbåtar"},{"key":"c","text_sv":"Handelsfartyg ser inte småbåtar"},{"key":"d","text_sv":"Det stämmer inte — fritidsbåten har rätt till väjning"}]}'::jsonb, '{"correct":"b"}'::jsonb, '{"mode":"single_choice"}'::jsonb,
   'Småbåtar får inte försvåra passagen för fartyg som är hänvisade till farleden. Håll undan och visa tydligt vad du gör.', 'safety_critical', 'review',
   '{"method":"ai_draft","model":"claude","needs_domain_review":true}'::jsonb)
on conflict (template_id, version) do nothing;

update public.item_templates set current_version_id = '61000000-0000-0000-0000-000000000032' where id = '60000000-0000-0000-0000-000000000032';

insert into public.item_objectives (item_version_id, objective_id, role)
values ('61000000-0000-0000-0000-000000000032', 'forar.f8.segel-motor', 'primary')
on conflict do nothing;

insert into public.item_sources (item_version_id, source_document_id, locator)
values ('61000000-0000-0000-0000-000000000032', '10000000-0000-0000-0000-000000000001', 'platshållare')
on conflict do nothing;
insert into public.item_misconceptions (item_version_id, answer_key, misconception_id) values
  ('61000000-0000-0000-0000-000000000032', 'd', 'mc.segel-alltid-foretrade')
  on conflict do nothing;

insert into public.item_templates (id, stable_key, certification_id, item_kind, status)
values ('60000000-0000-0000-0000-000000000033', 'f9-sakerhet-ombord-033', 'forarintyg', 'multiple_select', 'review')
on conflict (stable_key) do nothing;

insert into public.item_versions
  (id, template_id, version, syllabus_version_id, stem_sv, interaction, answer_key,
   grading_policy, explanation_sv, criticality, status, generation_provenance)
values
  ('61000000-0000-0000-0000-000000000033', '60000000-0000-0000-0000-000000000033', 1, '20000000-0000-0000-0000-000000000001', 'Vad bör du alltid göra före avgång? Välj alla som stämmer.',
   '{"kind":"multiple_select","shuffle":true,"options":[{"key":"a","text_sv":"Kontrollera väderprognosen"},{"key":"b","text_sv":"Se till att alla ombord har flytväst"},{"key":"c","text_sv":"Meddela någon i land färdplan och beräknad återkomst"},{"key":"d","text_sv":"Stänga av VHF:n för att spara batteri"}]}'::jsonb, '{"correct":["a","b","c"]}'::jsonb, '{"mode":"exact_set"}'::jsonb,
   'Väder, flytvästar och en enkel färdplan till någon i land är grunden. Kommunikationsutrustning ska vara PÅ, inte av.', 'safety_critical', 'review',
   '{"method":"ai_draft","model":"claude","needs_domain_review":true}'::jsonb)
on conflict (template_id, version) do nothing;

update public.item_templates set current_version_id = '61000000-0000-0000-0000-000000000033' where id = '60000000-0000-0000-0000-000000000033';

insert into public.item_objectives (item_version_id, objective_id, role)
values ('61000000-0000-0000-0000-000000000033', 'forar.f9.sakerhet-ombord', 'primary')
on conflict do nothing;

insert into public.item_sources (item_version_id, source_document_id, locator)
values ('61000000-0000-0000-0000-000000000033', '10000000-0000-0000-0000-000000000001', 'platshållare')
on conflict do nothing;

insert into public.item_templates (id, stable_key, certification_id, item_kind, status)
values ('60000000-0000-0000-0000-000000000034', 'f9-sakerhet-ombord-034', 'forarintyg', 'single_choice', 'review')
on conflict (stable_key) do nothing;

insert into public.item_versions
  (id, template_id, version, syllabus_version_id, stem_sv, interaction, answer_key,
   grading_policy, explanation_sv, criticality, status, generation_provenance)
values
  ('61000000-0000-0000-0000-000000000034', '60000000-0000-0000-0000-000000000034', 1, '20000000-0000-0000-0000-000000000001', 'Varför ska flytvästen vara PÅ — inte stuvad i ett fack?',
   '{"kind":"single_choice","shuffle":true,"options":[{"key":"a","text_sv":"Den tar mindre plats så"},{"key":"b","text_sv":"Vid en plötslig fallolycka finns ingen tid att ta fram och ta på den"},{"key":"c","text_sv":"Det är bara ett modeval"},{"key":"d","text_sv":"Den håller värmen bättre i facket"}]}'::jsonb, '{"correct":"b"}'::jsonb, '{"mode":"single_choice"}'::jsonb,
   'De flesta drunkningsolyckor sker plötsligt. En väst du inte bär hjälper dig inte i vattnet.', 'safety_critical', 'review',
   '{"method":"ai_draft","model":"claude","needs_domain_review":true}'::jsonb)
on conflict (template_id, version) do nothing;

update public.item_templates set current_version_id = '61000000-0000-0000-0000-000000000034' where id = '60000000-0000-0000-0000-000000000034';

insert into public.item_objectives (item_version_id, objective_id, role)
values ('61000000-0000-0000-0000-000000000034', 'forar.f9.sakerhet-ombord', 'primary')
on conflict do nothing;

insert into public.item_sources (item_version_id, source_document_id, locator)
values ('61000000-0000-0000-0000-000000000034', '10000000-0000-0000-0000-000000000001', 'platshållare')
on conflict do nothing;

insert into public.item_templates (id, stable_key, certification_id, item_kind, status)
values ('60000000-0000-0000-0000-000000000035', 'f9-sakerhet-ombord-035', 'forarintyg', 'single_choice', 'review')
on conflict (stable_key) do nothing;

insert into public.item_versions
  (id, template_id, version, syllabus_version_id, stem_sv, interaction, answer_key,
   grading_policy, explanation_sv, criticality, status, generation_provenance)
values
  ('61000000-0000-0000-0000-000000000035', '60000000-0000-0000-0000-000000000035', 1, '20000000-0000-0000-0000-000000000001', 'Vad är den största omedelbara risken när en person hamnar i kallt vatten?',
   '{"kind":"single_choice","shuffle":true,"options":[{"key":"a","text_sv":"Hajar"},{"key":"b","text_sv":"Köldchock med okontrollerad andning de första minuterna"},{"key":"c","text_sv":"Solbränna"},{"key":"d","text_sv":"Att kläderna krymper"}]}'::jsonb, '{"correct":"b"}'::jsonb, '{"mode":"single_choice"}'::jsonb,
   'Köldchocken de första minuterna ger flämtande andning och panik — flytväst håller huvudet över ytan tills andningen lugnat sig.', 'safety_critical', 'review',
   '{"method":"ai_draft","model":"claude","needs_domain_review":true}'::jsonb)
on conflict (template_id, version) do nothing;

update public.item_templates set current_version_id = '61000000-0000-0000-0000-000000000035' where id = '60000000-0000-0000-0000-000000000035';

insert into public.item_objectives (item_version_id, objective_id, role)
values ('61000000-0000-0000-0000-000000000035', 'forar.f9.sakerhet-ombord', 'primary')
on conflict do nothing;

insert into public.item_sources (item_version_id, source_document_id, locator)
values ('61000000-0000-0000-0000-000000000035', '10000000-0000-0000-0000-000000000001', 'platshållare')
on conflict do nothing;

insert into public.item_templates (id, stable_key, certification_id, item_kind, status)
values ('60000000-0000-0000-0000-000000000036', 'f9-sakerhet-ombord-036', 'forarintyg', 'ordering', 'review')
on conflict (stable_key) do nothing;

insert into public.item_versions
  (id, template_id, version, syllabus_version_id, stem_sv, interaction, answer_key,
   grading_policy, explanation_sv, criticality, status, generation_provenance)
values
  ('61000000-0000-0000-0000-000000000036', '60000000-0000-0000-0000-000000000036', 1, '20000000-0000-0000-0000-000000000001', 'Ordna åtgärderna i rimlig ordning inför en dagstur.',
   '{"kind":"ordering","items":[{"key":"a","text_sv":"Kontrollera väderprognos"},{"key":"b","text_sv":"Gå igenom säkerhetsutrustningen"},{"key":"c","text_sv":"Meddela färdplan till någon i land"},{"key":"d","text_sv":"Lägga ut från bryggan"}]}'::jsonb, '{"order":["a","b","c","d"]}'::jsonb, '{"mode":"exact_order"}'::jsonb,
   'Väder först (avgör om turen blir av), sedan utrustning, sedan färdplan — sist avgång.', 'safety_critical', 'review',
   '{"method":"ai_draft","model":"claude","needs_domain_review":true}'::jsonb)
on conflict (template_id, version) do nothing;

update public.item_templates set current_version_id = '61000000-0000-0000-0000-000000000036' where id = '60000000-0000-0000-0000-000000000036';

insert into public.item_objectives (item_version_id, objective_id, role)
values ('61000000-0000-0000-0000-000000000036', 'forar.f9.sakerhet-ombord', 'primary')
on conflict do nothing;

insert into public.item_sources (item_version_id, source_document_id, locator)
values ('61000000-0000-0000-0000-000000000036', '10000000-0000-0000-0000-000000000001', 'platshållare')
on conflict do nothing;

insert into public.item_templates (id, stable_key, certification_id, item_kind, status)
values ('60000000-0000-0000-0000-000000000037', 'f9-nodsignaler-037', 'forarintyg', 'multiple_select', 'review')
on conflict (stable_key) do nothing;

insert into public.item_versions
  (id, template_id, version, syllabus_version_id, stem_sv, interaction, answer_key,
   grading_policy, explanation_sv, criticality, status, generation_provenance)
values
  ('61000000-0000-0000-0000-000000000037', '60000000-0000-0000-0000-000000000037', 1, '20000000-0000-0000-0000-000000000001', 'Vilka är vedertagna nödsignaler? Välj alla som stämmer.',
   '{"kind":"multiple_select","shuffle":true,"options":[{"key":"a","text_sv":"Röd fallskärmsraket"},{"key":"b","text_sv":"Orange rök"},{"key":"c","text_sv":"MAYDAY på VHF kanal 16"},{"key":"d","text_sv":"Grönt handbloss"}]}'::jsonb, '{"correct":["a","b","c"]}'::jsonb, '{"mode":"exact_set"}'::jsonb,
   'Röda raketer/bloss, orange rök och MAYDAY på kanal 16 är nödsignaler. Gröna ljus används inte som nödsignal.', 'safety_critical', 'review',
   '{"method":"ai_draft","model":"claude","needs_domain_review":true}'::jsonb)
on conflict (template_id, version) do nothing;

update public.item_templates set current_version_id = '61000000-0000-0000-0000-000000000037' where id = '60000000-0000-0000-0000-000000000037';

insert into public.item_objectives (item_version_id, objective_id, role)
values ('61000000-0000-0000-0000-000000000037', 'forar.f9.nodsignaler', 'primary')
on conflict do nothing;

insert into public.item_sources (item_version_id, source_document_id, locator)
values ('61000000-0000-0000-0000-000000000037', '10000000-0000-0000-0000-000000000001', 'platshållare')
on conflict do nothing;

insert into public.item_templates (id, stable_key, certification_id, item_kind, status)
values ('60000000-0000-0000-0000-000000000038', 'f9-nodsignaler-038', 'forarintyg', 'single_choice', 'review')
on conflict (stable_key) do nothing;

insert into public.item_versions
  (id, template_id, version, syllabus_version_id, stem_sv, interaction, answer_key,
   grading_policy, explanation_sv, criticality, status, generation_provenance)
values
  ('61000000-0000-0000-0000-000000000038', '60000000-0000-0000-0000-000000000038', 1, '20000000-0000-0000-0000-000000000001', 'På vilken VHF-kanal sänds nödanropet MAYDAY?',
   '{"kind":"single_choice","shuffle":true,"options":[{"key":"a","text_sv":"Kanal 16"},{"key":"b","text_sv":"Kanal 9"},{"key":"c","text_sv":"Kanal 72"},{"key":"d","text_sv":"Valfri kanal"}]}'::jsonb, '{"correct":"a"}'::jsonb, '{"mode":"single_choice"}'::jsonb,
   'Kanal 16 är nöd-, il- och anropskanalen. MAYDAY sänds där.', 'safety_critical', 'review',
   '{"method":"ai_draft","model":"claude","needs_domain_review":true}'::jsonb)
on conflict (template_id, version) do nothing;

update public.item_templates set current_version_id = '61000000-0000-0000-0000-000000000038' where id = '60000000-0000-0000-0000-000000000038';

insert into public.item_objectives (item_version_id, objective_id, role)
values ('61000000-0000-0000-0000-000000000038', 'forar.f9.nodsignaler', 'primary')
on conflict do nothing;

insert into public.item_sources (item_version_id, source_document_id, locator)
values ('61000000-0000-0000-0000-000000000038', '10000000-0000-0000-0000-000000000001', 'platshållare')
on conflict do nothing;

insert into public.item_templates (id, stable_key, certification_id, item_kind, status)
values ('60000000-0000-0000-0000-000000000039', 'f9-nodsignaler-039', 'forarintyg', 'single_choice', 'review')
on conflict (stable_key) do nothing;

insert into public.item_versions
  (id, template_id, version, syllabus_version_id, stem_sv, interaction, answer_key,
   grading_policy, explanation_sv, criticality, status, generation_provenance)
values
  ('61000000-0000-0000-0000-000000000039', '60000000-0000-0000-0000-000000000039', 1, '20000000-0000-0000-0000-000000000001', 'Vilken armsignal är en vedertagen nödsignal?',
   '{"kind":"single_choice","shuffle":true,"options":[{"key":"a","text_sv":"Vinka snabbt med en arm"},{"key":"b","text_sv":"Långsamma upprepade höjningar och sänkningar av båda utsträckta armarna"},{"key":"c","text_sv":"Peka mot land"},{"key":"d","text_sv":"Knäppta händer över huvudet"}]}'::jsonb, '{"correct":"b"}'::jsonb, '{"mode":"single_choice"}'::jsonb,
   'Långsamma upprepade höjningar/sänkningar av utsträckta armar åt sidorna är en internationell nödsignal.', 'safety_critical', 'review',
   '{"method":"ai_draft","model":"claude","needs_domain_review":true}'::jsonb)
on conflict (template_id, version) do nothing;

update public.item_templates set current_version_id = '61000000-0000-0000-0000-000000000039' where id = '60000000-0000-0000-0000-000000000039';

insert into public.item_objectives (item_version_id, objective_id, role)
values ('61000000-0000-0000-0000-000000000039', 'forar.f9.nodsignaler', 'primary')
on conflict do nothing;

insert into public.item_sources (item_version_id, source_document_id, locator)
values ('61000000-0000-0000-0000-000000000039', '10000000-0000-0000-0000-000000000001', 'platshållare')
on conflict do nothing;

insert into public.item_templates (id, stable_key, certification_id, item_kind, status)
values ('60000000-0000-0000-0000-000000000040', 'f9-nodsignaler-040', 'forarintyg', 'single_choice', 'review')
on conflict (stable_key) do nothing;

insert into public.item_versions
  (id, template_id, version, syllabus_version_id, stem_sv, interaction, answer_key,
   grading_policy, explanation_sv, criticality, status, generation_provenance)
values
  ('61000000-0000-0000-0000-000000000040', '60000000-0000-0000-0000-000000000040', 1, '20000000-0000-0000-0000-000000000001', 'Du råkar avfyra en nödraket av misstag. Vad gör du?',
   '{"kind":"single_choice","shuffle":true,"options":[{"key":"a","text_sv":"Inget — det ordnar sig"},{"key":"b","text_sv":"Kontaktar omedelbart sjöräddningen och återkallar larmet"},{"key":"c","text_sv":"Skjuter en till för att ''ta ut'' den första"},{"key":"d","text_sv":"Lämnar platsen snabbt"}]}'::jsonb, '{"correct":"b"}'::jsonb, '{"mode":"single_choice"}'::jsonb,
   'Ett falsklarm ska genast återkallas till sjöräddningen så att ingen riskerar liv i onödan — att låta bli kan vara straffbart.', 'safety_critical', 'review',
   '{"method":"ai_draft","model":"claude","needs_domain_review":true}'::jsonb)
on conflict (template_id, version) do nothing;

update public.item_templates set current_version_id = '61000000-0000-0000-0000-000000000040' where id = '60000000-0000-0000-0000-000000000040';

insert into public.item_objectives (item_version_id, objective_id, role)
values ('61000000-0000-0000-0000-000000000040', 'forar.f9.nodsignaler', 'primary')
on conflict do nothing;

insert into public.item_sources (item_version_id, source_document_id, locator)
values ('61000000-0000-0000-0000-000000000040', '10000000-0000-0000-0000-000000000001', 'platshållare')
on conflict do nothing;

insert into public.public_item_pools (id, pool_key, status)
values ('70000000-0000-0000-0000-000000000001', 'gratis-diagnos-forar-v1', 'draft')
on conflict (pool_key) do nothing;

